frame,type,left,reference,left_label,reference_label,iou
adasind_060000.jpg,missing_annotation,,2,,Bike,N/A
adasind_060000.jpg,missing_annotation,,5,,Pedestrian,N/A
adasind_060000.jpg,missing_annotation,,7,,Pedestrian,N/A
adasind_060000.jpg,missing_annotation,,8,,ThreeWheeler,N/A
adasind_060000.jpg,missing_annotation,,9,,ThreeWheeler,N/A
adasind_086220.jpg,missing_annotation,,2,,Bike,N/A
adasind_086220.jpg,missing_annotation,,3,,Bike,N/A
adasind_102750.jpg,missing_annotation,,1,,Truck,N/A
adasind_102750.jpg,missing_annotation,,2,,Truck,N/A
adasind_102750.jpg,missing_annotation,,3,,ThreeWheeler,N/A
adasind_102750.jpg,missing_annotation,,4,,ThreeWheeler,N/A
adasind_102750.jpg,missing_annotation,,5,,Truck,N/A
